F-Measure (HAM);Precisão (HAM);Recuperação (HAM);F-Measure (SPAM);Precisão (SPAM);Recuperação (SPAM)
0.7046908315565031;0.6772540983606558;0.7344444444444445;0.8826768318509105;0.8971157985363754;0.8686952897040433

Matriz de confusão
TP; FP; FN; TN
661.0;239.0;315.0;2084.0;