F-Measure (HAM);Precisão (HAM);Recuperação (HAM);F-Measure (SPAM);Precisão (SPAM);Recuperação (SPAM)
0.6946745562130178;0.7430379746835443;0.6522222222222223;0.8948655256723715;0.8752491032283778;0.9153814089203834

Matriz de confusão
TP; FP; FN; TN
587.0;313.0;203.0;2196.0;