F-Measure (HAM);Precisão (HAM);Recuperação (HAM);F-Measure (SPAM);Precisão (SPAM);Recuperação (SPAM)
0.756919374247894;0.8254593175853019;0.6988888888888889;0.9181523500810371;0.8931809223492314;0.944560233430596

Matriz de confusão
TP; FP; FN; TN
629.0;271.0;133.0;2266.0;