F-Measure (HAM);Precisão (HAM);Recuperação (HAM);F-Measure (SPAM);Precisão (SPAM);Recuperação (SPAM)
0.6096256684491977;0.6551724137931034;0.57;0.8663275686673448;0.8461844197138315;0.8874531054606086

Matriz de confusão
TP; FP; FN; TN
513.0;387.0;270.0;2129.0;