F-Measure (HAM);Precisão (HAM);Recuperação (HAM);F-Measure (SPAM);Precisão (SPAM);Recuperação (SPAM)
0.7423580786026202;0.8463726884779517;0.6611111111111111;0.9173173173173174;0.8825115562403698;0.9549812421842434

Matriz de confusão
TP; FP; FN; TN
595.0;305.0;108.0;2291.0;