F-Measure (HAM);Precisão (HAM);Recuperação (HAM);F-Measure (SPAM);Precisão (SPAM);Recuperação (SPAM)
0.7191413237924866;0.7760617760617761;0.67;0.9042877463930096;0.8822363203806503;0.9274697790746145

Matriz de confusão
TP; FP; FN; TN
603.0;297.0;174.0;2225.0;