F-Measure (HAM);Precisão (HAM);Recuperação (HAM);F-Measure (SPAM);Precisão (SPAM);Recuperação (SPAM)
0.8622540250447227;0.8291284403669725;0.8981366459627329;0.8502269288956127;0.8888386805241754;0.8148301574150787

Matriz de confusão
TP; FP; FN; TN
2169.0;246.0;447.0;1967.0;